{"result":[{"id":62,"cartList":[{"productId":150635087972564,"salePrice":1,"productName":"支付测试商品 IPhone X 全面屏 全面绽放","subTitle":"此仅为支付测试商品 拍下不会发货","productImageBig":"https://i.loli.net/2018/07/13/5b48ac7766d98.png","limitNum":100,"productNum":5},{"productId":150642571432835,"salePrice":1,"productName":"捐赠商品","subTitle":"您的捐赠将用于本站维护 给您带来更好的体验","productImageBig":"https://i.loli.net/2018/07/13/5b48a7f46be51.png","limitNum":100,"productNum":2}]}]}