{
    "result": [{
            "productId": 150642571432850,
            "salePrice": 199,
            "productName": "ACIL E1 颈挂式蓝牙耳机",
            "subTitle": "无感佩戴，一切变得简单",
            "limitNum": 100,
            "productImageBig": "https://resource.smartisan.com/resource/406eddef8808fa5a9be9594d07ef8643.jpg",
            "detail": "<img src=\"https://resource.smartisan.com/resource/f6de19257228641b1a0c1964239b19b7.jpg\" style=\"width:1220px;height:9970px;\" alt=\"\" />",
            "productImageSmall": [
                "https://resource.smartisan.com/resource/406eddef8808fa5a9be9594d07ef8643.jpg",
                "https://resource.smartisan.com/resource/548de41c48d47232b4ed541c1df57c2f.jpg",
                "https://resource.smartisan.com/resource/aee0949bc33654bc18cedb8cd7dfbcff.jpg"
            ]
        },
        {
            "productId": 150642571432851,
            "salePrice": 2699,
            "productName": "优点智能 E1 推拉式智能指纹密码锁",
            "subTitle": "推拉一下，轻松开关",
            "limitNum": 100,
            "productImageBig": "https://resource.smartisan.com/resource/7ac3af5a92ad791c2b38bfe1e38ee334.jpg",
            "detail": "<img src=\"https://resource.smartisan.com/resource/a1f3fbf662376e8684e528f05721b286.jpg\" style=\"width:1220px;height:14998px;\" alt=\"\" />",
            "productImageSmall": [
                "https://resource.smartisan.com/resource/7ac3af5a92ad791c2b38bfe1e38ee334.jpg",
                "https://resource.smartisan.com/resource/e37029b8cd3194ad9581de0ee6512acb.jpg",
                "https://resource.smartisan.com/resource/1501eaf68c9771e5599eec45a5f6320a.jpg",
                "https://resource.smartisan.com/resource/a8c6a41637041c576aaa2a5162d2ab56.jpg",
                "https://resource.smartisan.com/resource/3934e0c458922c0049d311b84ddb73e0.jpg"
            ]
        },
        {
            "productId": 150642571432837,
            "salePrice": 49,
            "productName": "坚果 3 前屏钢化玻璃保护膜",
            "subTitle": "超强透光率、耐刮花、防指纹",
            "limitNum": 100,
            "productImageBig": "https://resource.smartisan.com/resource/3a7522290397a9444d7355298248f197.jpg",
            "detail": "<img src=\"https://resource.smartisan.com/resource/5dcbe27f36e1f8f2bfdfabb0b2681879.jpg\" style=\"width:1220px;height:3665px;\" alt=\"\" />",
            "productImageSmall": [
                "https://resource.smartisan.com/resource/3a7522290397a9444d7355298248f197.jpg"
            ]
        },
        {
            "productId": 150642571432849,
            "salePrice": 9.9,
            "productName": "Smartisan 明信片",
            "subTitle": "优质卡纸、包装精致、色彩饱满",
            "limitNum": 100,
            "productImageBig": "https://resource.smartisan.com/resource/3973d009d182d8023bea6250b9a3959e.jpg",
            "detail": "<img src=\"https://resource.smartisan.com/resource/f03a523847e63f28f9238aad45567b37.jpg\" style=\"width:1220px;height:7935px;\" alt=\"\" />",
            "productImageSmall": [
                "https://resource.smartisan.com/resource/3973d009d182d8023bea6250b9a3959e.jpg",
                "https://resource.smartisan.com/resource/1901bf9f58d83978353cf1ec58442cc6.jpg",
                "https://resource.smartisan.com/resource/4e0b690102858fc3013ea650fb1e1a8e.jpg",
                "https://resource.smartisan.com/resource/51765f60367d6e40e4ae6f2b9ce46a91.jpg",
                "https://resource.smartisan.com/resource/5108b5e7448c14e5241b60ba41fafc8e.jpg"
            ]
        },
        {
            "productId": 150642571432848,
            "salePrice": 199,
            "productName": "Smartisan 牛津纺衬衫",
            "subTitle": "一件无拘无束的舒适衬衫",
            "limitNum": 100,
            "productImageBig": "https://resource.smartisan.com/resource/a1c53b5f12dd7ef790cadec0eaeaf466.jpg",
            "detail": "<img src=\"https://resource.smartisan.com/resource/debb893778547fb9d5a6119b376d9ec1.jpg\" style=\"width:1220px;height:6879px;\" alt=\"\" />",
            "productImageSmall": [
                "https://resource.smartisan.com/resource/a1c53b5f12dd7ef790cadec0eaeaf466.jpg",
                "https://resource.smartisan.com/resource/dccec50aa1480c23a6d62648d2271c0a.jpg",
                "https://resource.smartisan.com/resource/28c798c14b3cc9cfe7100567df6e5999.jpg",
                "https://resource.smartisan.com/resource/da87105789046c13412f6f6a32032df7.jpg",
                "https://resource.smartisan.com/resource/cf9704df83dc6d6ff5404da154388a58.jpg"
            ]
        },
        {
            "productId": 150642571432847,
            "salePrice": 249,
            "productName": "Smartisan Polo衫 经典款",
            "subTitle": "一件表里如一的舒适 POLO 衫",
            "limitNum": 100,
            "productImageBig": "https://resource.smartisan.com/resource/daa975651d6d700c0f886718c520ee19.jpg",
            "detail": "<img src=\"https://resource.smartisan.com/resource/41338ebac06fc82450f8b8e4867df257.jpg\" style=\"width:1220px;height:5043px;\" alt=\"\" />",
            "productImageSmall": [
                "https://resource.smartisan.com/resource/daa975651d6d700c0f886718c520ee19.jpg",
                "https://resource.smartisan.com/resource/8b4884f04835f8de3c33817732fdcb46.jpg",
                "https://resource.smartisan.com/resource/057f6010d6cb7afc964f812093742283.jpg",
                "https://resource.smartisan.com/resource/3cc4b5a1e0a6136eb9725a88d6c1d3be.jpg",
                "https://resource.smartisan.com/resource/f35c053b87dd0e1255be2a8bfa773232.jpg"
            ]
        },
        {
            "productId": 150642571432846,
            "salePrice": 149,
            "productName": "Smartisan T恤 任天堂发售“红白机”",
            "subTitle": "100% 美国 SUPIMA 棉、舒适拉绒质地",
            "limitNum": 100,
            "productImageBig": "https://resource.smartisan.com/resource/804edf579887b3e1fae4e20a379be5b5.png",
            "detail": "<img src=\"https://resource.smartisan.com/resource/65e89427674ee370fa58f5fe98120679.png\" style=\"width:1220px;height:7881px;\" alt=\"\" />",
            "productImageSmall": [
                "https://resource.smartisan.com/resource/804edf579887b3e1fae4e20a379be5b5.png",
                "https://resource.smartisan.com/resource/6a92fe5ab90b379d5315c0ee2610f467.png",
                "https://resource.smartisan.com/resource/76c811504b910e04c448dda8d47a09c3.png"
            ]
        },
        {
            "productId": 150642571432845,
            "salePrice": 199,
            "productName": "Smartisan 帆布鞋",
            "subTitle": "一双踏实、舒适的帆布鞋",
            "limitNum": 100,
            "productImageBig": "https://resource.smartisan.com/resource/2f9a0f5f3dedf0ed813622003f1b287b.jpg",
            "detail": "<img src=\"https://resource.smartisan.com/resource/27a054301d8e10c40461443928dccd77.jpg\" style=\"width:1220px;height:7451px;\" alt=\"\" />",
            "productImageSmall": [
                "https://resource.smartisan.com/resource/2f9a0f5f3dedf0ed813622003f1b287b.jpg",
                "https://resource.smartisan.com/resource/0cd8f107c70d002caf902745355e269a.jpg",
                "https://resource.smartisan.com/resource/fa42dcd439e9fb990831f1d21c3f19b8.jpg"
            ]
        },
        {
            "productId": 150642571432844,
            "salePrice": 2999,
            "productName": "畅呼吸智能空气净化器超级除甲醛版",
            "subTitle": "购新空净 赠价值 699 元活性炭滤芯",
            "limitNum": 100,
            "productImageBig": "https://resource.smartisan.com/resource/71432ad30288fb860a4389881069b874.png",
            "detail": "<img src=\"https://img20.360buyimg.com/vc/jfs/t11503/47/1494539812/1725396/3defedb6/5a046e18Ne0a5d5da.jpg\" alt=\"\" />",
            "productImageSmall": [
                "https://resource.smartisan.com/resource/71432ad30288fb860a4389881069b874.png"
            ]
        },
        {
            "productId": 150642571432843,
            "salePrice": 1999,
            "productName": "坚果 3",
            "subTitle": "漂亮得不像实力派",
            "limitNum": 100,
            "productImageBig": "https://resource.smartisan.com/resource/718bcecced0df1cd23bbdb9cc1f70b7d.png",
            "detail": "<img src=\"https://img20.360buyimg.com/vc/jfs/t17368/340/1617561606/1069487/9676971/5ad014b1Nb8463c4e.jpg\" width=\"1220px\" alt=\"\" />\n<img src=\"https://img20.360buyimg.com/vc/jfs/t17278/52/1620296383/1157116/3d0f473/5ad014b8N32c9c183.jpg\" width=\"1220px\" alt=\"\" />\n<img src=\"https://img20.360buyimg.com/vc/jfs/t19420/87/1609028179/1135327/9b3e0f97/5ad014c0N6234ba19.jpg\" width=\"1220px\" alt=\"\" />",
            "productImageSmall": [
                "https://resource.smartisan.com/resource/718bcecced0df1cd23bbdb9cc1f70b7d.png"
            ]
        },
        {
            "productId": 150642571432842,
            "salePrice": 79,
            "productName": "坚果 3 \"足迹\"背贴 乐高创始人出生",
            "subTitle": "1891 年 4 月 7 日",
            "limitNum": 100,
            "productImageBig": "https://resource.smartisan.com/resource/abb6986430536cd9365352b434f3c568.jpg",
            "detail": "<img src=\"https://resource.smartisan.com/resource/4cbe4a14ab225c9466e16f8c8ef4e29e.jpg\" style=\"width:1220px;height:4083px;\" alt=\"\" />",
            "productImageSmall": [
                "https://resource.smartisan.com/resource/abb6986430536cd9365352b434f3c568.jpg"
            ]
        },
        {
            "productId": 150642571432841,
            "salePrice": 49,
            "productName": "坚果 3 TPU 软胶保护套",
            "subTitle": "TPU 环保材质、完美贴合、周到防护",
            "limitNum": 100,
            "productImageBig": "https://resource.smartisan.com/resource/b899d9b82c4bc2710492a26af021d484.jpg",
            "detail": "<img src=\"https://resource.smartisan.com/resource/4272e7737eed967a8f2f10ebef9b84dc.jpg style=\"width:1220px;height:4990px;\" alt=\"\" />",
            "productImageSmall": [
                "https://resource.smartisan.com/resource/b899d9b82c4bc2710492a26af021d484.jpg",
                "https://resource.smartisan.com/resource/bb8859032d6060ccb4e733a2c8e2f51d.jpg",
                "https://resource.smartisan.com/resource/df5b3d3539481eb1c00333a5bc5b60b6.jpg"
            ]
        },
        {
            "productId": 150642571432840,
            "salePrice": 89,
            "productName": "Smartisan 半入耳式耳机",
            "subTitle": "经典配色、专业调音、高品质麦克风",
            "limitNum": 100,
            "productImageBig": "https://resource.smartisan.com/resource/9c1d958f10a811df841298d50e1ca7c0.jpg",
            "detail": "<img src=\"https://resource.smartisan.com/resource/14497b77e21fc6d0807e57bb9deabe28.jpg\" style=\"width:1220px;height:9527px;\" alt=\"\" />",
            "productImageSmall": [
                "https://resource.smartisan.com/resource/9c1d958f10a811df841298d50e1ca7c0.jpg",
                "https://resource.smartisan.com/resource/afa4ecdb54d7f50d0b6265bbcf31d6c8.jpg",
                "https://resource.smartisan.com/resource/eb1bf1dee365c7855e6b047d8b9c5b1e.jpg",
                "https://resource.smartisan.com/resource/dfcc9fa16ab354a41683959398bff128.jpg"
            ]
        },
        {
            "productId": 150642571432839,
            "salePrice": 29,
            "productName": "坚果 3 TPU 软胶透明保护套",
            "subTitle": "轻薄透明、完美贴合、TPU 环保材质",
            "limitNum": 100,
            "productImageBig": "https://resource.smartisan.com/resource/5e4b1feddb13639550849f12f6b2e202.jpg",
            "detail": "<img src=\"https://resource.smartisan.com/resource/fda5d962cc2b2e579c5df1c3d9e2f2c8.jpg\" style=\"width:1220px;height:4957px;\" alt=\"\" />",
            "productImageSmall": [
                "https://resource.smartisan.com/resource/5e4b1feddb13639550849f12f6b2e202.jpg",
                "https://resource.smartisan.com/resource/0477d8b177db197a0b09a18e116b2bca.jpg",
                "https://resource.smartisan.com/resource/b66d7e832339cf240b13a9a91107abdc.jpg",
                "https://resource.smartisan.com/resource/56db3c83cca697572fa8a1df2e3172d7.jpg"
            ]
        },
        {
            "productId": 150642571432838,
            "salePrice": 79,
            "productName": "坚果 3 绒布国旗保护套",
            "subTitle": "质感精良、完美贴合、周到防护",
            "limitNum": 100,
            "productImageBig": "https://resource.smartisan.com/resource/63ea40e5c64db1c6b1d480c48fe01272.jpg",
            "detail": "<img src=\"https://resource.smartisan.com/resource/3aa27e8caf798b5e7e3796388190b43b.jpg\" style=\"width:1220px;height:5797px;\" alt=\"\" />",
            "productImageSmall": [
                "https://resource.smartisan.com/resource/63ea40e5c64db1c6b1d480c48fe01272.jpg",
                "https://resource.smartisan.com/resource/4b8d00ab6ba508a977a475988e0fdb53.jpg",
                "https://resource.smartisan.com/resource/87ea3888491d172b7d7a0e78e4294b4b.jpg",
                "https://resource.smartisan.com/resource/8d30265188ddd1ba05e34f669c5dcf1c.jpg"
            ]
        },
        {
            "productId": 150642571432836,
            "salePrice": 149,
            "productName": "Smartisan T恤 伍迪·艾伦出生",
            "subTitle": "一件内外兼修的舒适T恤",
            "limitNum": 100,
            "productImageBig": "https://resource.smartisan.com/resource/f96f0879768bc317b74e7cf9e3d96884.jpg",
            "detail": "<img src=\"https://resource.smartisan.com/resource/36fee45879f4f252492ec552dfd4c323.jpg\" style=\"width:1220px;height:6982px;\" alt=\"\" />",
            "productImageSmall": [
                "https://resource.smartisan.com/resource/f96f0879768bc317b74e7cf9e3d96884.jpg",
                "https://resource.smartisan.com/resource/095b46c25f9df5b13ee51f3e512d1e96.jpg",
                "https://resource.smartisan.com/resource/0c9c397c8ac68a2ad327e1da8a5cb7d0.jpg",
                "https://resource.smartisan.com/resource/154b35897ed3c1cb8dc1c7aae7b88f1f.jpg",
                "https://resource.smartisan.com/resource/4a1686f2fde86e0aaac49c92395d4b32.jpg"
            ]
        },
        {
            "productId": 816448,
            "salePrice": 2799,
            "productName": "极米无屏电视 CC",
            "subTitle": "720P 高清分辨率、JBL 音响、两万毫安续航力",
            "limitNum": 100,
            "productImageBig": "http://image.smartisanos.cn/resource/41cb562a47d4831e199ed7e2057f3b61.jpg",
            "detail": "<img src=\"http://image.smartisanos.cn/resource/e7ed8222dcd7c9f67af3097bd7bd5c2b.jpg\" style=\"width:1220px;height:12257px;\" alt=\"\" />",
            "productImageSmall": [
                "http://image.smartisanos.cn/resource/41cb562a47d4831e199ed7e2057f3b61.jpg"
            ]
        },
        {
            "productId": 738388,
            "salePrice": 39,
            "productName": "Smartisan 原装 Type-C 数据线",
            "subTitle": "PTC 过温保护、凹形设计、TPE 环保材质",
            "limitNum": 100,
            "productImageBig": "http://image.smartisanos.cn/resource/c79a73ffc6f8e782160d978f49f543dc.jpg",
            "detail": "<img src=\"http://image.smartisanos.cn/resource/b3d7b420e3e609e858a8d75f19cbfd7c.jpg\" style=\"width:1220px;height:4829px;\" alt=\"\" />",
            "productImageSmall": [
                "http://image.smartisanos.cn/resource/c79a73ffc6f8e782160d978f49f543dc.jpg"
            ]
        },
        {
            "productId": 830972,
            "salePrice": 199,
            "productName": "《深泽直人》",
            "subTitle": "首次面向中国读者介绍其作品",
            "limitNum": 100,
            "productImageBig": "http://image.smartisanos.cn/resource/5e4e40120d09fb6791f9430f914c6f68.jpg",
            "detail": "<img src=\"http://image.smartisanos.cn/resource/102ed8a03b5f4452dda7dc513c016f12.jpg\" style=\"width:1220px;height:8811px;\" alt=\"\" />",
            "productImageSmall": [
                "http://image.smartisanos.cn/resource/5e4e40120d09fb6791f9430f914c6f68.jpg"
            ]
        },
        {
            "productId": 844022,
            "salePrice": 299,
            "productName": "FIIL CARAT LITE 蓝牙运动耳机",
            "subTitle": "线控带麦、IP65 防水、磁吸项链式",
            "limitNum": 100,
            "productImageBig": "http://image.smartisanos.cn/resource/62c1a6988de8071beef4203bedde5144.jpg",
            "detail": "<img src=\"http://image.smartisanos.cn/resource/bcd85c778a0b54b61afe813bd7b674d4.jpg\" style=\"width:1220px;height:12384px;\" alt=\"\" />",
            "productImageSmall": [
                "http://image.smartisanos.cn/resource/62c1a6988de8071beef4203bedde5144.jpg"
            ]
        },
        {
            "productId": 832739,
            "salePrice": 499,
            "productName": "FIIL CARAT 蓝牙运动耳机",
            "subTitle": "智能计步、磁吸项链式、佩戴舒适不易掉",
            "limitNum": 100,
            "productImageBig": "http://image.smartisanos.cn/resource/61b4f3de01f00e57a664e648d6ea4721.jpg",
            "detail": "<img src=\"http://image.smartisanos.cn/resource/f86802b6a7b207d02f5c69163fa5e347.jpg\" style=\"width:1220px;height:13682px;\" alt=\"\" />",
            "productImageSmall": [
                "http://image.smartisanos.cn/resource/61b4f3de01f00e57a664e648d6ea4721.jpg"
            ]
        },
        {
            "productId": 150635087972564,
            "salePrice": 1,
            "productName": "支付测试商品 IPhone X 全面屏 全面绽放",
            "subTitle": "此仅为支付测试商品 拍下不会发货",
            "limitNum": 100,
            "productImageBig": "https://i.loli.net/2018/07/13/5b48ac7766d98.png",
            "detail": "<p style=\"text-align:center;\">\n\t<img src=\"https://img30.360buyimg.com/popWaterMark/jfs/t7843/137/3005340945/124833/dc7c71f2/59b8ccd1N2bffd055.jpg\" alt=\"\" /><img src=\"https://img30.360buyimg.com/popWaterMark/jfs/t8764/314/1380452846/296346/d62490e2/59b8ccd1N96ce760d.jpg\" alt=\"\" /><img src=\"https://img30.360buyimg.com/popWaterMark/jfs/t8710/275/1373463301/363710/ebf00bff/59b8ccbaN2d563f74.jpg\" alt=\"\" /><img src=\"https://img30.360buyimg.com/popWaterMark/jfs/t8632/330/1390725687/229853/e56f9e1b/59b8ccd1N7b8b6bdb.jpg\" alt=\"\" /><img src=\"https://img30.360buyimg.com/popWaterMark/jfs/t9115/290/1376678976/488369/591760dc/59b8ccc6N1563a61b.jpg\" alt=\"\" /><img src=\"https://img30.360buyimg.com/popWaterMark/jfs/t8233/331/1431263348/183032/b875528c/59b8ccd1Ne7e633e3.jpg\" alt=\"\" /><img src=\"https://img30.360buyimg.com/popWaterMark/jfs/t8785/253/890847377/186916/c467a464/59b8ccd1N4551397c.jpg\" alt=\"\" /> <img src=\"https://img30.360buyimg.com/popWaterMark/jfs/t8728/276/1416802585/172158/1516ec08/59b8ccd1N95aae9c9.jpg\" alt=\"\" /> <img src=\"https://img30.360buyimg.com/popWaterMark/jfs/t9082/133/1223014275/307097/58f97021/59b8ccd2Nebfc633a.jpg\" alt=\"\" /><img src=\"https://img30.360buyimg.com/popWaterMark/jfs/t9052/275/1400615286/155643/1b0ecf44/59b8ccd2N46bd82bf.jpg\" alt=\"\" /> <img src=\"https://img30.360buyimg.com/popWaterMark/jfs/t9169/240/1361662217/193435/24ed9b93/59b8ccd4N03cec407.jpg\" alt=\"\" /> <img src=\"https://img30.360buyimg.com/popWaterMark/jfs/t7390/232/3008585906/285016/56cbb12/59b8ccd4Nc8434af8.jpg\" alt=\"\" /> \n</p>",
            "productImageSmall": [
                "https://i.loli.net/2018/07/13/5b48ac7766d98.png",
                "https://i.loli.net/2018/07/13/5b48ac9135c5f.png",
                "https://i.loli.net/2018/07/13/5b48ac9c2be6c.png",
                "https://i.loli.net/2018/07/13/5b48aca99c8b6.png",
                "https://i.loli.net/2018/07/13/5b48a7f468bf2.png"
            ]
        },
        {
            "productId": 562379,
            "salePrice": 49,
            "productName": "坚果 Pro 软胶保护套",
            "subTitle": "TPU 环保材质、耐磨、耐油、耐久性强",
            "limitNum": 100,
            "productImageBig": "http://image.smartisanos.cn/resource/902befd5f32a8caf4ca79b55d39ee25a.jpg",
            "detail": "<img src=\"http://image.smartisanos.cn/resource/98521dbfe1dd1e67db3f7ca21e76c9ef.jpg\" style=\"width:1220px;height:7000px;\" alt=\"\" />",
            "productImageSmall": [
                "http://image.smartisanos.cn/resource/902befd5f32a8caf4ca79b55d39ee25a.jpg"
            ]
        },
        {
            "productId": 847276,
            "salePrice": 1499,
            "productName": "FIIL Diva Pro 全场景无线降噪耳机",
            "subTitle": "智能语音交互、高清无损本地存储播放",
            "limitNum": 100,
            "productImageBig": "http://image.smartisanos.cn/resource/804b82e4c05516e822667a23ee311f7c.jpg",
            "detail": "<img src=\"http://image.smartisanos.cn/resource/9be6229b3498749c4afd173a3b1fe165.png\" style=\"width:1220px;height:15514px;\" alt=\"\" />",
            "productImageSmall": [
                "http://image.smartisanos.cn/resource/804b82e4c05516e822667a23ee311f7c.jpg"
            ]
        },
        {
            "productId": 741524,
            "salePrice": 99,
            "productName": "Smartisan S-100 半入耳式线控耳机",
            "subTitle": "卓越的 14.2mm 发音单元、三按键式线控",
            "limitNum": 100,
            "productImageBig": "http://image.smartisanos.cn/resource/c98abe89b5a5502ef04c30e751b2bfef.png",
            "detail": "<img src=\"http://image.smartisanos.cn/resource/73fdd5f948cd6248c51521e87acb33e5.jpg\" style=\"width:1220px;height:8703px;\" alt=\"\" />",
            "productImageSmall": [
                "http://image.smartisanos.cn/resource/c98abe89b5a5502ef04c30e751b2bfef.png"
            ]
        },
        {
            "productId": 150642571432835,
            "salePrice": 1,
            "productName": "捐赠商品",
            "subTitle": "您的捐赠将用于本站维护 给您带来更好的体验",
            "limitNum": 100,
            "productImageBig": "https://i.loli.net/2018/07/13/5b48a7f46be51.png",
            "detail": "<br />\n<br />\n<br />\n<span style=\"font-size:18px;\">为什么要捐赠？</span> <br />\n<br />\n<span style=\"font-size:18px;\">在开始之前，首先感谢用户的支持和慷慨解囊，不得不说，你们的支持给予了很大的动力</span> <br />\n<br />\n<span style=\"font-size:18px;\">没有广告和第三方推广的收入，主动捐赠是项目受欢迎程度最直观的体现</span> <br />\n<br />\n<span style=\"font-size:18px;\">当支付宝或微信偶尔收到一笔捐赠，就感觉多了一分认可，多了一分责任</span> <br />\n<br />\n<span style=\"font-size:18px;\">一个非盈利项目仅仅依靠兴趣的支撑，很难确定它还能走多远</span> <br />\n<br />\n<span style=\"font-size:18px;\">它以后会变成怎样，我不知道。我只知道，有些东西，要靠双方去维持</span> <br />\n<br />\n<p>\n\t<span style=\"font-size:18px;\">【捐赠方式】</span>\n</p>\n<p>\n\t<span style=\"font-size:18px;\"><br />\n</span>\n</p>\n<p>\n\t<span style=\"font-size:18px;\">1.登录本商城添加商品至购物车结算，或随意购买商品</span>\n</p>\n<p>\n\t<span style=\"font-size:18px;\"><br />\n</span>\n</p>\n<p>\n\t<span style=\"font-size:18px;\">2.支付订单时填写捐赠信息</span>\n</p>\n<p>\n\t<span style=\"font-size:18px;\"><br />\n</span>\n</p>\n<p>\n\t<span style=\"font-size:18px;\">3.选择捐赠金额，当金额大于一定额度时会有相应文档或源码回赠</span>\n</p>\n<p>\n\t<span style=\"font-size:18px;\"><br />\n</span>\n</p>\n<p>\n\t<span style=\"font-size:18px;\">请勿直接扫码捐赠，否则系统无法保留您的捐赠信息</span>\n</p>\n<br />\n<br />\n<br />\n<br />",
            "productImageSmall": [
                "https://i.loli.net/2018/07/13/5b48a7f46be51.png",
                "https://i.loli.net/2018/07/13/5b48a952de430.png"
            ]
        },
        {
            "productId": 816753,
            "salePrice": 259,
            "productName": "《索尼设计，塑造现代》",
            "subTitle": "索尼全盛时期工业设计作品首次集结成书并引进中国",
            "limitNum": 100,
            "productImageBig": "http://image.smartisanos.cn/resource/f950d9c27ef21e17374fa212b40d66a9.jpg",
            "detail": "<img src=\"http://image.smartisanos.cn/resource/62a60be80e9cd3307ef334ede82b430a.jpg\" style=\"width:1220px;height:8267px;\" alt=\"\" />",
            "productImageSmall": [
                "http://image.smartisanos.cn/resource/f950d9c27ef21e17374fa212b40d66a9.jpg"
            ]
        },
        {
            "productId": 679533,
            "salePrice": 69,
            "productName": "Smartisan 坚果自拍杆",
            "subTitle": "通用 3.5 mm 接口、航空铝合金伸缩杆、防过敏硅胶手柄",
            "limitNum": 100,
            "productImageBig": "http://image.smartisanos.cn/resource/afe5728faa22f4b078b84d9c725c136d.jpg",
            "detail": "<img src=\"http://image.smartisanos.cn/resource/0bb13cf0b2e0b4817f4914a317fb1445.png\" style=\"width:1220px;height:6481px;\" alt=\"\" />",
            "productImageSmall": [
                "http://image.smartisanos.cn/resource/afe5728faa22f4b078b84d9c725c136d.jpg"
            ]
        },
        {
            "productId": 679532,
            "salePrice": 59,
            "productName": "Smartisan 原装快充充电器 18W",
            "subTitle": "18W 安全快充、支持主流 QC3.0, MTK PE+2.0 快充协议",
            "limitNum": 100,
            "productImageBig": "http://image.smartisanos.cn/resource/dc53bd870ee64d2053ecc51750ece43a.jpg",
            "detail": "<img src=\"http://image.smartisanos.cn/resource/4a7b87fe01ec8339985702ee922d205a.jpg\" style=\"width:1220px;height:4526px;\" alt=\"\" />",
            "productImageSmall": [
                "http://image.smartisanos.cn/resource/dc53bd870ee64d2053ecc51750ece43a.jpg"
            ]
        },
        {
            "productId": 691300,
            "salePrice": 199,
            "productName": "Smartisan 快充移动电源 10000mAh",
            "subTitle": "10000mAh 双向快充、轻盈便携、高标准安全保护",
            "limitNum": 100,
            "productImageBig": "http://image.smartisanos.cn/resource/0540778097a009364f2dcbb8c5286451.jpg",
            "detail": "<img src=\"http://image.smartisanos.cn/resource/d930be42185ab064035d0894f37ea179.jpg\" style=\"width:1220px;height:6478px;\" alt=\"\" />",
            "productImageSmall": [
                "http://image.smartisanos.cn/resource/0540778097a009364f2dcbb8c5286451.jpg"
            ]
        }

    ]
}